attendanceId,employeeId,attendanceDate,attendanceStatus,workingHours
1,1,2025-01-01,PRESENT,7.83
2,2,2025-01-01,PRESENT,9.45
3,3,2025-01-01,PRESENT,8.1
4,4,2025-01-01,PRESENT,8.4
5,5,2025-01-01,PRESENT,9.36
6,6,2025-01-01,PRESENT,7.37
7,8,2025-01-01,PRESENT,7.92
8,9,2025-01-01,PRESENT,8.07
9,10,2025-01-01,PRESENT,7.91
10,11,2025-01-01,HALF_DAY,4.94
11,12,2025-01-01,PRESENT,7.89
12,13,2025-01-01,PRESENT,8.67
13,15,2025-01-01,PRESENT,8.4
14,16,2025-01-01,ABSENT,0.0
15,17,2025-01-01,HALF_DAY,4.5
16,18,2025-01-01,HALF_DAY,3.47
17,19,2025-01-01,PRESENT,9.0
18,20,2025-01-01,PRESENT,8.03
19,22,2025-01-01,PRESENT,9.31
20,23,2025-01-01,PRESENT,8.03
21,24,2025-01-01,PRESENT,8.84
22,25,2025-01-01,PRESENT,7.4
23,1,2025-01-02,PRESENT,7.96
24,2,2025-01-02,PRESENT,8.18
25,3,2025-01-02,PRESENT,9.3
26,4,2025-01-02,PRESENT,9.05
27,5,2025-01-02,ABSENT,0.0
28,6,2025-01-02,PRESENT,8.65
29,8,2025-01-02,PRESENT,7.7
30,9,2025-01-02,PRESENT,8.93
31,10,2025-01-02,PRESENT,8.27
32,11,2025-01-02,PRESENT,9.11
33,12,2025-01-02,PRESENT,7.07
34,13,2025-01-02,ABSENT,0.0
35,15,2025-01-02,PRESENT,8.45
36,16,2025-01-02,HALF_DAY,3.08
37,17,2025-01-02,PRESENT,7.86
38,18,2025-01-02,PRESENT,8.09
39,19,2025-01-02,HALF_DAY,3.23
40,20,2025-01-02,ABSENT,0.0
41,22,2025-01-02,PRESENT,7.11
42,23,2025-01-02,PRESENT,8.3
43,24,2025-01-02,ABSENT,0.0
44,25,2025-01-02,PRESENT,9.35
45,1,2025-01-03,PRESENT,7.49
46,2,2025-01-03,PRESENT,9.37
47,3,2025-01-03,HALF_DAY,4.25
48,4,2025-01-03,PRESENT,7.31
49,5,2025-01-03,ABSENT,0.0
50,6,2025-01-03,PRESENT,8.67
51,8,2025-01-03,PRESENT,8.74
52,9,2025-01-03,PRESENT,7.48
53,10,2025-01-03,PRESENT,7.95
54,11,2025-01-03,PRESENT,7.44
55,12,2025-01-03,PRESENT,8.02
56,13,2025-01-03,ABSENT,0.0
57,15,2025-01-03,PRESENT,7.53
58,16,2025-01-03,PRESENT,8.52
59,17,2025-01-03,PRESENT,8.1
60,18,2025-01-03,PRESENT,8.28
61,19,2025-01-03,PRESENT,9.4
62,20,2025-01-03,PRESENT,8.65
63,22,2025-01-03,PRESENT,8.66
64,23,2025-01-03,PRESENT,7.23
65,24,2025-01-03,HALF_DAY,3.47
66,25,2025-01-03,PRESENT,9.02
67,1,2025-01-06,PRESENT,7.12
68,2,2025-01-06,HALF_DAY,4.22
69,3,2025-01-06,PRESENT,8.14
70,4,2025-01-06,ABSENT,0.0
71,5,2025-01-06,PRESENT,8.8
72,6,2025-01-06,PRESENT,8.0
73,8,2025-01-06,PRESENT,8.72
74,9,2025-01-06,ABSENT,0.0
75,10,2025-01-06,ABSENT,0.0
76,11,2025-01-06,ABSENT,0.0
77,12,2025-01-06,PRESENT,7.55
78,13,2025-01-06,ABSENT,0.0
79,15,2025-01-06,PRESENT,8.16
80,16,2025-01-06,PRESENT,9.29
81,17,2025-01-06,PRESENT,7.33
82,18,2025-01-06,PRESENT,8.33
83,19,2025-01-06,PRESENT,7.79
84,20,2025-01-06,PRESENT,8.11
85,22,2025-01-06,ABSENT,0.0
86,23,2025-01-06,ABSENT,0.0
87,24,2025-01-06,PRESENT,9.27
88,25,2025-01-06,PRESENT,7.4
89,1,2025-01-07,ABSENT,0.0
90,2,2025-01-07,PRESENT,8.88
91,3,2025-01-07,ABSENT,0.0
92,4,2025-01-07,PRESENT,8.94
93,5,2025-01-07,PRESENT,7.6
94,6,2025-01-07,PRESENT,8.78
95,8,2025-01-07,PRESENT,7.84
96,9,2025-01-07,ABSENT,0.0
97,10,2025-01-07,PRESENT,7.38
98,11,2025-01-07,PRESENT,7.38
99,12,2025-01-07,PRESENT,8.04
100,13,2025-01-07,PRESENT,8.16
101,15,2025-01-07,PRESENT,9.08
102,16,2025-01-07,PRESENT,8.92
103,17,2025-01-07,HALF_DAY,3.04
104,18,2025-01-07,ABSENT,0.0
105,19,2025-01-07,PRESENT,8.19
106,20,2025-01-07,HALF_DAY,3.6
107,22,2025-01-07,PRESENT,9.23
108,23,2025-01-07,ABSENT,0.0
109,24,2025-01-07,PRESENT,8.84
110,25,2025-01-07,PRESENT,9.24
111,1,2025-01-08,PRESENT,7.68
112,2,2025-01-08,PRESENT,7.97
113,3,2025-01-08,PRESENT,9.0
114,4,2025-01-08,PRESENT,9.1
115,5,2025-01-08,ABSENT,0.0
116,6,2025-01-08,HALF_DAY,4.07
117,8,2025-01-08,ABSENT,0.0
118,9,2025-01-08,PRESENT,8.66
119,10,2025-01-08,PRESENT,8.07
120,11,2025-01-08,ABSENT,0.0
121,12,2025-01-08,PRESENT,7.65
122,13,2025-01-08,PRESENT,8.14
123,15,2025-01-08,PRESENT,9.2
124,16,2025-01-08,PRESENT,9.38
125,17,2025-01-08,PRESENT,9.09
126,18,2025-01-08,PRESENT,8.87
127,19,2025-01-08,PRESENT,9.38
128,20,2025-01-08,PRESENT,7.17
129,22,2025-01-08,HALF_DAY,3.08
130,23,2025-01-08,PRESENT,7.62
131,24,2025-01-08,ABSENT,0.0
132,25,2025-01-08,PRESENT,7.6
133,1,2025-01-09,PRESENT,7.29
134,2,2025-01-09,HALF_DAY,3.93
135,3,2025-01-09,PRESENT,7.92
136,4,2025-01-09,PRESENT,9.41
137,5,2025-01-09,PRESENT,8.94
138,6,2025-01-09,PRESENT,7.78
139,8,2025-01-09,PRESENT,9.32
140,9,2025-01-09,PRESENT,9.27
141,10,2025-01-09,PRESENT,9.35
142,11,2025-01-09,PRESENT,8.48
143,12,2025-01-09,ABSENT,0.0
144,13,2025-01-09,PRESENT,8.74
145,15,2025-01-09,PRESENT,8.71
146,16,2025-01-09,ABSENT,0.0
147,17,2025-01-09,PRESENT,8.41
148,18,2025-01-09,PRESENT,8.33
149,19,2025-01-09,PRESENT,7.17
150,20,2025-01-09,PRESENT,7.03
151,22,2025-01-09,PRESENT,8.23
152,23,2025-01-09,PRESENT,7.91
153,24,2025-01-09,ABSENT,0.0
154,25,2025-01-09,PRESENT,7.38
155,1,2025-01-10,PRESENT,8.3
156,2,2025-01-10,PRESENT,8.54
157,3,2025-01-10,ABSENT,0.0
158,4,2025-01-10,PRESENT,8.16
159,5,2025-01-10,ABSENT,0.0
160,6,2025-01-10,PRESENT,7.81
161,8,2025-01-10,PRESENT,9.34
162,9,2025-01-10,PRESENT,8.13
163,10,2025-01-10,PRESENT,8.42
164,11,2025-01-10,PRESENT,7.84
165,12,2025-01-10,PRESENT,7.81
166,13,2025-01-10,PRESENT,7.89
167,15,2025-01-10,PRESENT,7.7
168,16,2025-01-10,PRESENT,9.2
169,17,2025-01-10,PRESENT,8.29
170,18,2025-01-10,PRESENT,7.6
171,19,2025-01-10,PRESENT,8.39
172,20,2025-01-10,PRESENT,8.19
173,22,2025-01-10,PRESENT,8.12
174,23,2025-01-10,PRESENT,7.74
175,24,2025-01-10,PRESENT,7.61
176,25,2025-01-10,PRESENT,7.92
177,1,2025-01-13,PRESENT,7.86
178,2,2025-01-13,HALF_DAY,4.1
179,3,2025-01-13,PRESENT,8.13
180,4,2025-01-13,PRESENT,7.58
181,5,2025-01-13,PRESENT,7.79
182,6,2025-01-13,PRESENT,9.38
183,8,2025-01-13,PRESENT,7.48
184,9,2025-01-13,PRESENT,7.69
185,10,2025-01-13,PRESENT,8.9
186,11,2025-01-13,PRESENT,9.45
187,12,2025-01-13,ABSENT,0.0
188,13,2025-01-13,PRESENT,7.9
189,15,2025-01-13,PRESENT,8.77
190,16,2025-01-13,PRESENT,7.11
191,17,2025-01-13,PRESENT,7.73
192,18,2025-01-13,HALF_DAY,4.28
193,19,2025-01-13,PRESENT,7.26
194,20,2025-01-13,PRESENT,7.71
195,22,2025-01-13,PRESENT,7.85
196,23,2025-01-13,HALF_DAY,3.5
197,24,2025-01-13,ABSENT,0.0
198,25,2025-01-13,PRESENT,7.16
199,1,2025-01-14,PRESENT,8.44
200,2,2025-01-14,PRESENT,7.38
201,3,2025-01-14,ABSENT,0.0
202,4,2025-01-14,HALF_DAY,3.17
203,5,2025-01-14,PRESENT,8.4
204,6,2025-01-14,PRESENT,8.49
205,8,2025-01-14,PRESENT,8.94
206,9,2025-01-14,PRESENT,9.27
207,10,2025-01-14,PRESENT,8.47
208,11,2025-01-14,PRESENT,8.42
209,12,2025-01-14,PRESENT,9.4
210,13,2025-01-14,PRESENT,8.91
211,15,2025-01-14,PRESENT,7.66
212,16,2025-01-14,PRESENT,7.6
213,17,2025-01-14,PRESENT,7.39
214,18,2025-01-14,PRESENT,8.72
215,19,2025-01-14,PRESENT,7.08
216,20,2025-01-14,PRESENT,7.71
217,22,2025-01-14,ABSENT,0.0
218,23,2025-01-14,PRESENT,7.58
219,24,2025-01-14,PRESENT,8.98
220,25,2025-01-14,PRESENT,9.01
221,1,2025-01-15,PRESENT,7.29
222,2,2025-01-15,PRESENT,7.37
223,3,2025-01-15,PRESENT,7.36
224,4,2025-01-15,PRESENT,8.98
225,5,2025-01-15,PRESENT,9.06
226,6,2025-01-15,HALF_DAY,3.88
227,8,2025-01-15,PRESENT,7.76
228,9,2025-01-15,PRESENT,7.68
229,10,2025-01-15,PRESENT,8.09
230,11,2025-01-15,PRESENT,9.22
231,12,2025-01-15,PRESENT,8.51
232,13,2025-01-15,PRESENT,7.57
233,15,2025-01-15,PRESENT,9.15
234,16,2025-01-15,PRESENT,7.05
235,17,2025-01-15,PRESENT,9.05
236,18,2025-01-15,PRESENT,8.91
237,19,2025-01-15,PRESENT,8.3
238,20,2025-01-15,PRESENT,7.7
239,22,2025-01-15,HALF_DAY,3.87
240,23,2025-01-15,ABSENT,0.0
241,24,2025-01-15,HALF_DAY,3.94
242,25,2025-01-15,PRESENT,7.8
243,1,2025-01-16,PRESENT,7.4
244,2,2025-01-16,PRESENT,8.24
245,3,2025-01-16,PRESENT,8.0
246,4,2025-01-16,PRESENT,7.09
247,5,2025-01-16,PRESENT,7.63
248,6,2025-01-16,PRESENT,8.93
249,8,2025-01-16,ABSENT,0.0
250,9,2025-01-16,ABSENT,0.0
251,10,2025-01-16,PRESENT,9.17
252,11,2025-01-16,PRESENT,7.14
253,12,2025-01-16,PRESENT,8.56
254,13,2025-01-16,PRESENT,8.11
255,15,2025-01-16,PRESENT,7.67
256,16,2025-01-16,PRESENT,7.72
257,17,2025-01-16,ABSENT,0.0
258,18,2025-01-16,PRESENT,7.07
259,19,2025-01-16,PRESENT,9.0
260,20,2025-01-16,PRESENT,7.78
261,22,2025-01-16,PRESENT,8.02
262,23,2025-01-16,PRESENT,9.1
263,24,2025-01-16,PRESENT,9.37
264,25,2025-01-16,PRESENT,7.38
265,1,2025-01-17,HALF_DAY,3.58
266,2,2025-01-17,PRESENT,8.04
267,3,2025-01-17,PRESENT,8.18
268,4,2025-01-17,PRESENT,7.36
269,5,2025-01-17,PRESENT,8.5
270,6,2025-01-17,PRESENT,7.34
271,8,2025-01-17,PRESENT,8.93
272,9,2025-01-17,ABSENT,0.0
273,10,2025-01-17,PRESENT,8.97
274,11,2025-01-17,PRESENT,7.01
275,12,2025-01-17,PRESENT,9.09
276,13,2025-01-17,PRESENT,8.65
277,15,2025-01-17,ABSENT,0.0
278,16,2025-01-17,PRESENT,8.21
279,17,2025-01-17,PRESENT,8.91
280,18,2025-01-17,PRESENT,9.33
281,19,2025-01-17,ABSENT,0.0
282,20,2025-01-17,HALF_DAY,3.48
283,22,2025-01-17,PRESENT,9.14
284,23,2025-01-17,PRESENT,7.8
285,24,2025-01-17,PRESENT,9.28
286,25,2025-01-17,PRESENT,9.47
287,1,2025-01-20,PRESENT,8.63
288,2,2025-01-20,PRESENT,9.41
289,3,2025-01-20,PRESENT,9.41
290,4,2025-01-20,PRESENT,7.25
291,5,2025-01-20,ABSENT,0.0
292,6,2025-01-20,PRESENT,9.28
293,8,2025-01-20,PRESENT,7.36
294,9,2025-01-20,ABSENT,0.0
295,10,2025-01-20,HALF_DAY,3.15
296,11,2025-01-20,PRESENT,7.66
297,12,2025-01-20,PRESENT,7.99
298,13,2025-01-20,PRESENT,7.82
299,15,2025-01-20,PRESENT,8.33
300,16,2025-01-20,HALF_DAY,4.25
301,17,2025-01-20,ABSENT,0.0
302,18,2025-01-20,PRESENT,8.35
303,19,2025-01-20,PRESENT,7.59
304,20,2025-01-20,PRESENT,7.72
305,22,2025-01-20,PRESENT,7.23
306,23,2025-01-20,HALF_DAY,4.52
307,24,2025-01-20,PRESENT,7.25
308,25,2025-01-20,PRESENT,7.75
309,1,2025-01-21,PRESENT,7.81
310,2,2025-01-21,PRESENT,7.9
311,3,2025-01-21,PRESENT,7.61
312,4,2025-01-21,PRESENT,8.7
313,5,2025-01-21,PRESENT,7.44
314,6,2025-01-21,PRESENT,7.96
315,8,2025-01-21,PRESENT,8.24
316,9,2025-01-21,PRESENT,7.58
317,10,2025-01-21,PRESENT,8.15
318,11,2025-01-21,PRESENT,9.25
319,12,2025-01-21,PRESENT,7.72
320,13,2025-01-21,PRESENT,7.18
321,15,2025-01-21,HALF_DAY,4.98
322,16,2025-01-21,PRESENT,9.41
323,17,2025-01-21,PRESENT,8.14
324,18,2025-01-21,PRESENT,9.5
325,19,2025-01-21,ABSENT,0.0
326,20,2025-01-21,PRESENT,7.95
327,22,2025-01-21,PRESENT,7.74
328,23,2025-01-21,PRESENT,7.05
329,24,2025-01-21,ABSENT,0.0
330,25,2025-01-21,PRESENT,7.02
331,1,2025-01-22,ABSENT,0.0
332,2,2025-01-22,PRESENT,9.43
333,3,2025-01-22,ABSENT,0.0
334,4,2025-01-22,PRESENT,9.08
335,5,2025-01-22,ABSENT,0.0
336,6,2025-01-22,PRESENT,7.58
337,8,2025-01-22,ABSENT,0.0
338,9,2025-01-22,PRESENT,7.48
339,10,2025-01-22,PRESENT,8.89
340,11,2025-01-22,PRESENT,8.7
341,12,2025-01-22,PRESENT,7.24
342,13,2025-01-22,PRESENT,7.1
343,15,2025-01-22,PRESENT,7.08
344,16,2025-01-22,PRESENT,7.33
345,17,2025-01-22,ABSENT,0.0
346,18,2025-01-22,PRESENT,8.04
347,19,2025-01-22,PRESENT,8.97
348,20,2025-01-22,ABSENT,0.0
349,22,2025-01-22,PRESENT,8.25
350,23,2025-01-22,PRESENT,7.41
351,24,2025-01-22,ABSENT,0.0
352,25,2025-01-22,HALF_DAY,4.93
353,1,2025-01-23,PRESENT,9.18
354,2,2025-01-23,ABSENT,0.0
355,3,2025-01-23,PRESENT,7.19
356,4,2025-01-23,PRESENT,7.56
357,5,2025-01-23,PRESENT,8.69
358,6,2025-01-23,PRESENT,9.11
359,8,2025-01-23,PRESENT,7.23
360,9,2025-01-23,PRESENT,7.66
361,10,2025-01-23,PRESENT,7.92
362,11,2025-01-23,PRESENT,7.66
363,12,2025-01-23,PRESENT,8.6
364,13,2025-01-23,PRESENT,8.69
365,15,2025-01-23,PRESENT,8.55
366,16,2025-01-23,HALF_DAY,3.66
367,17,2025-01-23,PRESENT,8.62
368,18,2025-01-23,PRESENT,8.16
369,19,2025-01-23,PRESENT,8.62
370,20,2025-01-23,PRESENT,7.11
371,22,2025-01-23,PRESENT,9.49
372,23,2025-01-23,PRESENT,7.59
373,24,2025-01-23,PRESENT,7.97
374,25,2025-01-23,PRESENT,9.37
375,1,2025-01-24,PRESENT,8.35
376,2,2025-01-24,PRESENT,8.82
377,3,2025-01-24,ABSENT,0.0
378,4,2025-01-24,PRESENT,9.08
379,5,2025-01-24,PRESENT,9.35
380,6,2025-01-24,PRESENT,8.73
381,8,2025-01-24,PRESENT,8.11
382,9,2025-01-24,PRESENT,7.91
383,10,2025-01-24,HALF_DAY,3.73
384,11,2025-01-24,ABSENT,0.0
385,12,2025-01-24,PRESENT,7.15
386,13,2025-01-24,PRESENT,9.42
387,15,2025-01-24,HALF_DAY,4.65
388,16,2025-01-24,PRESENT,7.53
389,17,2025-01-24,PRESENT,9.43
390,18,2025-01-24,PRESENT,7.83
391,19,2025-01-24,HALF_DAY,4.57
392,20,2025-01-24,PRESENT,9.07
393,22,2025-01-24,PRESENT,8.47
394,23,2025-01-24,ABSENT,0.0
395,24,2025-01-24,PRESENT,8.94
396,25,2025-01-24,PRESENT,8.49
397,1,2025-01-27,PRESENT,9.46
398,2,2025-01-27,HALF_DAY,4.08
399,3,2025-01-27,PRESENT,7.27
400,4,2025-01-27,ABSENT,0.0
401,5,2025-01-27,PRESENT,7.9
402,6,2025-01-27,PRESENT,8.47
403,8,2025-01-27,PRESENT,7.66
404,9,2025-01-27,PRESENT,8.05
405,10,2025-01-27,PRESENT,7.16
406,11,2025-01-27,PRESENT,7.91
407,12,2025-01-27,PRESENT,8.13
408,13,2025-01-27,PRESENT,8.54
409,15,2025-01-27,PRESENT,9.27
410,16,2025-01-27,PRESENT,7.75
411,17,2025-01-27,PRESENT,7.08
412,18,2025-01-27,HALF_DAY,4.69
413,19,2025-01-27,PRESENT,7.27
414,20,2025-01-27,PRESENT,8.11
415,22,2025-01-27,ABSENT,0.0
416,23,2025-01-27,PRESENT,7.37
417,24,2025-01-27,PRESENT,8.56
418,25,2025-01-27,PRESENT,8.78
419,1,2025-01-28,PRESENT,8.49
420,2,2025-01-28,PRESENT,8.26
421,3,2025-01-28,PRESENT,8.98
422,4,2025-01-28,PRESENT,8.64
423,5,2025-01-28,ABSENT,0.0
424,6,2025-01-28,PRESENT,9.16
425,8,2025-01-28,PRESENT,9.22
426,9,2025-01-28,PRESENT,9.07
427,10,2025-01-28,PRESENT,8.82
428,11,2025-01-28,PRESENT,7.78
429,12,2025-01-28,PRESENT,9.38
430,13,2025-01-28,PRESENT,8.19
431,15,2025-01-28,PRESENT,7.21
432,16,2025-01-28,PRESENT,8.86
433,17,2025-01-28,PRESENT,7.33
434,18,2025-01-28,PRESENT,9.39
435,19,2025-01-28,PRESENT,8.68
436,20,2025-01-28,PRESENT,9.18
437,22,2025-01-28,HALF_DAY,3.85
438,23,2025-01-28,ABSENT,0.0
439,24,2025-01-28,PRESENT,7.72
440,25,2025-01-28,PRESENT,7.26
441,1,2025-01-29,PRESENT,7.39
442,2,2025-01-29,PRESENT,9.12
443,3,2025-01-29,PRESENT,8.39
444,4,2025-01-29,PRESENT,7.7
445,5,2025-01-29,PRESENT,8.07
446,6,2025-01-29,PRESENT,8.92
447,8,2025-01-29,PRESENT,8.69
448,9,2025-01-29,PRESENT,8.52
449,10,2025-01-29,PRESENT,8.73
450,11,2025-01-29,PRESENT,7.68
451,12,2025-01-29,PRESENT,9.3
452,13,2025-01-29,PRESENT,7.45
453,15,2025-01-29,PRESENT,8.64
454,16,2025-01-29,PRESENT,8.85
455,17,2025-01-29,HALF_DAY,3.18
456,18,2025-01-29,PRESENT,7.94
457,19,2025-01-29,PRESENT,7.39
458,20,2025-01-29,PRESENT,7.81
459,22,2025-01-29,HALF_DAY,4.19
460,23,2025-01-29,ABSENT,0.0
461,24,2025-01-29,PRESENT,8.89
462,25,2025-01-29,PRESENT,7.2
463,1,2025-01-30,PRESENT,8.06
464,2,2025-01-30,PRESENT,8.04
465,3,2025-01-30,PRESENT,8.28
466,4,2025-01-30,PRESENT,7.28
467,5,2025-01-30,PRESENT,8.48
468,6,2025-01-30,PRESENT,7.77
469,8,2025-01-30,PRESENT,9.46
470,9,2025-01-30,PRESENT,7.51
471,10,2025-01-30,HALF_DAY,4.53
472,11,2025-01-30,PRESENT,7.72
473,12,2025-01-30,PRESENT,8.24
474,13,2025-01-30,PRESENT,7.32
475,15,2025-01-30,PRESENT,7.58
476,16,2025-01-30,PRESENT,8.67
477,17,2025-01-30,PRESENT,7.99
478,18,2025-01-30,PRESENT,8.09
479,19,2025-01-30,PRESENT,7.19
480,20,2025-01-30,PRESENT,8.07
481,22,2025-01-30,PRESENT,8.6
482,23,2025-01-30,PRESENT,8.01
483,24,2025-01-30,HALF_DAY,3.34
484,25,2025-01-30,HALF_DAY,3.92
485,1,2025-01-31,PRESENT,7.9
486,2,2025-01-31,PRESENT,7.26
487,3,2025-01-31,PRESENT,8.0
488,4,2025-01-31,PRESENT,9.18
489,5,2025-01-31,PRESENT,7.55
490,6,2025-01-31,PRESENT,7.19
491,8,2025-01-31,PRESENT,8.33
492,9,2025-01-31,PRESENT,8.94
493,10,2025-01-31,PRESENT,9.4
494,11,2025-01-31,PRESENT,7.37
495,12,2025-01-31,PRESENT,7.64
496,13,2025-01-31,PRESENT,7.38
497,15,2025-01-31,PRESENT,7.19
498,16,2025-01-31,HALF_DAY,4.26
499,17,2025-01-31,PRESENT,8.41
500,18,2025-01-31,PRESENT,8.7
501,19,2025-01-31,ABSENT,0.0
502,20,2025-01-31,PRESENT,9.47
503,22,2025-01-31,PRESENT,9.43
504,23,2025-01-31,PRESENT,8.1
505,24,2025-01-31,PRESENT,8.58
506,25,2025-01-31,PRESENT,8.48
507,1,2025-02-03,PRESENT,7.19
508,2,2025-02-03,PRESENT,7.09
509,3,2025-02-03,PRESENT,7.72
510,4,2025-02-03,PRESENT,9.44
511,5,2025-02-03,PRESENT,8.49
512,6,2025-02-03,PRESENT,8.45
513,8,2025-02-03,HALF_DAY,4.48
514,9,2025-02-03,PRESENT,9.27
515,10,2025-02-03,PRESENT,7.47
516,11,2025-02-03,PRESENT,8.25
517,12,2025-02-03,HALF_DAY,3.9
518,13,2025-02-03,ABSENT,0.0
519,15,2025-02-03,ABSENT,0.0
520,16,2025-02-03,HALF_DAY,3.17
521,17,2025-02-03,PRESENT,7.1
522,18,2025-02-03,PRESENT,9.48
523,19,2025-02-03,PRESENT,8.52
524,20,2025-02-03,PRESENT,9.29
525,22,2025-02-03,PRESENT,8.94
526,23,2025-02-03,PRESENT,7.13
527,24,2025-02-03,PRESENT,7.84
528,25,2025-02-03,PRESENT,8.39
529,1,2025-02-04,PRESENT,7.63
530,2,2025-02-04,ABSENT,0.0
531,3,2025-02-04,HALF_DAY,4.21
532,4,2025-02-04,PRESENT,7.2
533,5,2025-02-04,PRESENT,9.29
534,6,2025-02-04,PRESENT,8.64
535,8,2025-02-04,PRESENT,7.32
536,9,2025-02-04,PRESENT,7.21
537,10,2025-02-04,PRESENT,8.61
538,11,2025-02-04,PRESENT,7.32
539,12,2025-02-04,PRESENT,9.37
540,13,2025-02-04,HALF_DAY,4.82
541,15,2025-02-04,PRESENT,8.68
542,16,2025-02-04,PRESENT,7.05
543,17,2025-02-04,PRESENT,9.38
544,18,2025-02-04,PRESENT,8.92
545,19,2025-02-04,PRESENT,9.5
546,20,2025-02-04,PRESENT,7.74
547,22,2025-02-04,PRESENT,8.27
548,23,2025-02-04,PRESENT,8.85
549,24,2025-02-04,PRESENT,8.65
550,25,2025-02-04,ABSENT,0.0
551,1,2025-02-05,PRESENT,8.49
552,2,2025-02-05,PRESENT,7.45
553,3,2025-02-05,PRESENT,8.56
554,4,2025-02-05,ABSENT,0.0
555,5,2025-02-05,PRESENT,7.11
556,6,2025-02-05,PRESENT,8.8
557,8,2025-02-05,HALF_DAY,4.22
558,9,2025-02-05,PRESENT,8.96
559,10,2025-02-05,PRESENT,7.6
560,11,2025-02-05,HALF_DAY,4.57
561,12,2025-02-05,ABSENT,0.0
562,13,2025-02-05,PRESENT,8.7
563,15,2025-02-05,PRESENT,8.1
564,16,2025-02-05,PRESENT,8.95
565,17,2025-02-05,PRESENT,8.05
566,18,2025-02-05,PRESENT,7.5
567,19,2025-02-05,PRESENT,9.18
568,20,2025-02-05,PRESENT,8.2
569,22,2025-02-05,PRESENT,9.34
570,23,2025-02-05,PRESENT,8.29
571,24,2025-02-05,PRESENT,7.21
572,25,2025-02-05,PRESENT,8.12
573,1,2025-02-06,PRESENT,9.08
574,2,2025-02-06,PRESENT,9.28
575,3,2025-02-06,ABSENT,0.0
576,4,2025-02-06,ABSENT,0.0
577,5,2025-02-06,HALF_DAY,3.83
578,6,2025-02-06,PRESENT,7.93
579,8,2025-02-06,PRESENT,7.2
580,9,2025-02-06,PRESENT,7.8
581,10,2025-02-06,PRESENT,8.79
582,11,2025-02-06,PRESENT,7.37
583,12,2025-02-06,PRESENT,9.29
584,13,2025-02-06,PRESENT,9.08
585,15,2025-02-06,PRESENT,8.17
586,16,2025-02-06,PRESENT,9.26
587,17,2025-02-06,PRESENT,7.54
588,18,2025-02-06,PRESENT,9.35
589,19,2025-02-06,PRESENT,8.06
590,20,2025-02-06,PRESENT,7.59
591,22,2025-02-06,PRESENT,7.6
592,23,2025-02-06,PRESENT,8.56
593,24,2025-02-06,PRESENT,9.09
594,25,2025-02-06,PRESENT,8.34
595,1,2025-02-07,PRESENT,8.44
596,2,2025-02-07,PRESENT,7.73
597,3,2025-02-07,PRESENT,7.88
598,4,2025-02-07,PRESENT,7.47
599,5,2025-02-07,PRESENT,8.31
600,6,2025-02-07,PRESENT,9.38
601,8,2025-02-07,PRESENT,8.97
602,9,2025-02-07,PRESENT,7.05
603,10,2025-02-07,ABSENT,0.0
604,11,2025-02-07,PRESENT,7.97
605,12,2025-02-07,PRESENT,8.87
606,13,2025-02-07,PRESENT,7.17
607,15,2025-02-07,PRESENT,8.64
608,16,2025-02-07,PRESENT,8.45
609,17,2025-02-07,PRESENT,7.33
610,18,2025-02-07,PRESENT,7.85
611,19,2025-02-07,PRESENT,9.08
612,20,2025-02-07,PRESENT,9.45
613,22,2025-02-07,PRESENT,7.46
614,23,2025-02-07,PRESENT,8.79
615,24,2025-02-07,HALF_DAY,3.07
616,25,2025-02-07,PRESENT,8.98
617,1,2025-02-10,ABSENT,0.0
618,2,2025-02-10,PRESENT,7.78
619,3,2025-02-10,PRESENT,9.04
620,4,2025-02-10,PRESENT,7.09
621,5,2025-02-10,PRESENT,7.72
622,6,2025-02-10,ABSENT,0.0
623,8,2025-02-10,PRESENT,8.64
624,9,2025-02-10,PRESENT,9.0
625,10,2025-02-10,PRESENT,8.0
626,11,2025-02-10,PRESENT,9.39
627,12,2025-02-10,PRESENT,7.47
628,13,2025-02-10,PRESENT,7.92
629,15,2025-02-10,PRESENT,7.67
630,16,2025-02-10,PRESENT,8.06
631,17,2025-02-10,PRESENT,9.49
632,18,2025-02-10,PRESENT,7.73
633,19,2025-02-10,PRESENT,7.82
634,20,2025-02-10,PRESENT,8.11
635,22,2025-02-10,PRESENT,7.42
636,23,2025-02-10,PRESENT,8.12
637,24,2025-02-10,PRESENT,9.28
638,25,2025-02-10,PRESENT,8.09
639,1,2025-02-11,PRESENT,8.98
640,2,2025-02-11,PRESENT,8.68
641,3,2025-02-11,PRESENT,8.28
642,4,2025-02-11,PRESENT,7.4
643,5,2025-02-11,PRESENT,9.12
644,6,2025-02-11,PRESENT,8.1
645,8,2025-02-11,PRESENT,7.59
646,9,2025-02-11,PRESENT,7.91
647,10,2025-02-11,HALF_DAY,3.06
648,11,2025-02-11,PRESENT,8.12
649,12,2025-02-11,PRESENT,8.11
650,13,2025-02-11,PRESENT,7.34
651,15,2025-02-11,PRESENT,7.79
652,16,2025-02-11,PRESENT,9.4
653,17,2025-02-11,PRESENT,7.47
654,18,2025-02-11,PRESENT,9.28
655,19,2025-02-11,PRESENT,8.94
656,20,2025-02-11,PRESENT,7.54
657,22,2025-02-11,PRESENT,8.73
658,23,2025-02-11,HALF_DAY,3.4
659,24,2025-02-11,PRESENT,7.19
660,25,2025-02-11,PRESENT,8.78
661,1,2025-02-12,HALF_DAY,4.62
662,2,2025-02-12,HALF_DAY,4.97
663,3,2025-02-12,PRESENT,8.77
664,4,2025-02-12,PRESENT,7.73
665,5,2025-02-12,PRESENT,7.39
666,6,2025-02-12,PRESENT,8.75
667,8,2025-02-12,PRESENT,7.9
668,9,2025-02-12,PRESENT,9.46
669,10,2025-02-12,PRESENT,7.59
670,11,2025-02-12,PRESENT,7.9
671,12,2025-02-12,PRESENT,8.17
672,13,2025-02-12,HALF_DAY,3.26
673,15,2025-02-12,ABSENT,0.0
674,16,2025-02-12,PRESENT,8.0
675,17,2025-02-12,PRESENT,8.2
676,18,2025-02-12,PRESENT,8.02
677,19,2025-02-12,PRESENT,7.31
678,20,2025-02-12,PRESENT,7.19
679,22,2025-02-12,PRESENT,8.29
680,23,2025-02-12,PRESENT,9.07
681,24,2025-02-12,PRESENT,8.47
682,25,2025-02-12,PRESENT,7.32
683,1,2025-02-13,PRESENT,9.17
684,2,2025-02-13,ABSENT,0.0
685,3,2025-02-13,PRESENT,7.76
686,4,2025-02-13,PRESENT,9.34
687,5,2025-02-13,PRESENT,9.37
688,6,2025-02-13,PRESENT,7.71
689,8,2025-02-13,PRESENT,7.49
690,9,2025-02-13,HALF_DAY,3.55
691,10,2025-02-13,PRESENT,8.54
692,11,2025-02-13,PRESENT,8.6
693,12,2025-02-13,PRESENT,8.45
694,13,2025-02-13,PRESENT,8.56
695,15,2025-02-13,ABSENT,0.0
696,16,2025-02-13,PRESENT,9.31
697,17,2025-02-13,PRESENT,9.16
698,18,2025-02-13,PRESENT,9.37
699,19,2025-02-13,PRESENT,7.66
700,20,2025-02-13,PRESENT,8.43
701,22,2025-02-13,PRESENT,7.08
702,23,2025-02-13,ABSENT,0.0
703,24,2025-02-13,PRESENT,8.6
704,25,2025-02-13,PRESENT,7.61
705,1,2025-02-14,ABSENT,0.0
706,2,2025-02-14,PRESENT,8.13
707,3,2025-02-14,PRESENT,7.4
708,4,2025-02-14,PRESENT,8.16
709,5,2025-02-14,PRESENT,7.36
710,6,2025-02-14,ABSENT,0.0
711,8,2025-02-14,PRESENT,9.47
712,9,2025-02-14,PRESENT,8.0
713,10,2025-02-14,PRESENT,8.29
714,11,2025-02-14,PRESENT,7.6
715,12,2025-02-14,PRESENT,8.12
716,13,2025-02-14,PRESENT,7.13
717,15,2025-02-14,HALF_DAY,4.73
718,16,2025-02-14,PRESENT,9.41
719,17,2025-02-14,ABSENT,0.0
720,18,2025-02-14,ABSENT,0.0
721,19,2025-02-14,HALF_DAY,4.44
722,20,2025-02-14,PRESENT,7.4
723,22,2025-02-14,HALF_DAY,3.93
724,23,2025-02-14,ABSENT,0.0
725,24,2025-02-14,PRESENT,7.23
726,25,2025-02-14,PRESENT,8.14
727,1,2025-02-17,PRESENT,8.46
728,2,2025-02-17,PRESENT,7.7
729,3,2025-02-17,PRESENT,9.11
730,4,2025-02-17,PRESENT,7.71
731,5,2025-02-17,PRESENT,7.27
732,6,2025-02-17,PRESENT,7.66
733,8,2025-02-17,PRESENT,8.01
734,9,2025-02-17,PRESENT,7.13
735,10,2025-02-17,PRESENT,7.91
736,11,2025-02-17,PRESENT,7.97
737,12,2025-02-17,PRESENT,8.37
738,13,2025-02-17,ABSENT,0.0
739,15,2025-02-17,PRESENT,8.53
740,16,2025-02-17,PRESENT,7.24
741,17,2025-02-17,PRESENT,9.47
742,18,2025-02-17,PRESENT,7.91
743,19,2025-02-17,PRESENT,8.51
744,20,2025-02-17,PRESENT,7.1
745,22,2025-02-17,PRESENT,8.78
746,23,2025-02-17,ABSENT,0.0
747,24,2025-02-17,PRESENT,7.37
748,25,2025-02-17,ABSENT,0.0
749,1,2025-02-18,PRESENT,9.33
750,2,2025-02-18,PRESENT,7.98
751,3,2025-02-18,PRESENT,9.11
752,4,2025-02-18,PRESENT,8.27
753,5,2025-02-18,PRESENT,8.22
754,6,2025-02-18,PRESENT,8.19
755,8,2025-02-18,PRESENT,7.83
756,9,2025-02-18,PRESENT,8.04
757,10,2025-02-18,PRESENT,9.25
758,11,2025-02-18,ABSENT,0.0
759,12,2025-02-18,PRESENT,8.49
760,13,2025-02-18,PRESENT,8.64
761,15,2025-02-18,HALF_DAY,4.16
762,16,2025-02-18,PRESENT,7.13
763,17,2025-02-18,PRESENT,8.31
764,18,2025-02-18,PRESENT,8.94
765,19,2025-02-18,PRESENT,9.05
766,20,2025-02-18,PRESENT,8.43
767,22,2025-02-18,PRESENT,7.48
768,23,2025-02-18,PRESENT,8.05
769,24,2025-02-18,PRESENT,7.51
770,25,2025-02-18,PRESENT,8.53
771,1,2025-02-19,PRESENT,9.12
772,2,2025-02-19,PRESENT,8.76
773,3,2025-02-19,PRESENT,8.4
774,4,2025-02-19,HALF_DAY,3.96
775,5,2025-02-19,PRESENT,9.39
776,6,2025-02-19,PRESENT,8.33
777,8,2025-02-19,PRESENT,8.69
778,9,2025-02-19,ABSENT,0.0
779,10,2025-02-19,PRESENT,9.01
780,11,2025-02-19,PRESENT,8.21
781,12,2025-02-19,HALF_DAY,3.56
782,13,2025-02-19,PRESENT,9.35
783,15,2025-02-19,HALF_DAY,4.54
784,16,2025-02-19,PRESENT,8.73
785,17,2025-02-19,PRESENT,8.2
786,18,2025-02-19,PRESENT,9.34
787,19,2025-02-19,PRESENT,7.72
788,20,2025-02-19,PRESENT,8.36
789,22,2025-02-19,ABSENT,0.0
790,23,2025-02-19,PRESENT,7.86
791,24,2025-02-19,PRESENT,7.37
792,25,2025-02-19,PRESENT,9.39
793,1,2025-02-20,PRESENT,9.31
794,2,2025-02-20,PRESENT,8.87
795,3,2025-02-20,PRESENT,9.07
796,4,2025-02-20,PRESENT,8.41
797,5,2025-02-20,PRESENT,7.27
798,6,2025-02-20,PRESENT,7.6
799,8,2025-02-20,PRESENT,9.26
800,9,2025-02-20,PRESENT,7.58
801,10,2025-02-20,PRESENT,7.83
802,11,2025-02-20,PRESENT,8.7
803,12,2025-02-20,PRESENT,9.41
804,13,2025-02-20,HALF_DAY,3.32
805,15,2025-02-20,PRESENT,9.2
806,16,2025-02-20,PRESENT,8.63
807,17,2025-02-20,PRESENT,7.72
808,18,2025-02-20,PRESENT,7.15
809,19,2025-02-20,PRESENT,8.63
810,20,2025-02-20,PRESENT,8.85
811,22,2025-02-20,ABSENT,0.0
812,23,2025-02-20,PRESENT,9.3
813,24,2025-02-20,PRESENT,9.09
814,25,2025-02-20,HALF_DAY,3.07
815,1,2025-02-21,ABSENT,0.0
816,2,2025-02-21,PRESENT,7.47
817,3,2025-02-21,PRESENT,9.18
818,4,2025-02-21,PRESENT,7.09
819,5,2025-02-21,PRESENT,8.51
820,6,2025-02-21,HALF_DAY,3.67
821,8,2025-02-21,PRESENT,8.6
822,9,2025-02-21,PRESENT,9.22
823,10,2025-02-21,PRESENT,8.26
824,11,2025-02-21,PRESENT,9.02
825,12,2025-02-21,PRESENT,8.83
826,13,2025-02-21,PRESENT,8.8
827,15,2025-02-21,PRESENT,7.84
828,16,2025-02-21,PRESENT,8.69
829,17,2025-02-21,PRESENT,8.53
830,18,2025-02-21,PRESENT,8.01
831,19,2025-02-21,PRESENT,7.82
832,20,2025-02-21,PRESENT,7.24
833,22,2025-02-21,HALF_DAY,3.95
834,23,2025-02-21,HALF_DAY,3.01
835,24,2025-02-21,PRESENT,8.12
836,25,2025-02-21,PRESENT,7.82
837,1,2025-02-24,PRESENT,8.43
838,2,2025-02-24,PRESENT,7.9
839,3,2025-02-24,PRESENT,8.67
840,4,2025-02-24,PRESENT,7.4
841,5,2025-02-24,PRESENT,9.31
842,6,2025-02-24,ABSENT,0.0
843,8,2025-02-24,PRESENT,8.73
844,9,2025-02-24,PRESENT,9.35
845,10,2025-02-24,PRESENT,7.55
846,11,2025-02-24,HALF_DAY,3.96
847,12,2025-02-24,PRESENT,9.47
848,13,2025-02-24,PRESENT,8.75
849,15,2025-02-24,ABSENT,0.0
850,16,2025-02-24,PRESENT,9.0
851,17,2025-02-24,ABSENT,0.0
852,18,2025-02-24,PRESENT,8.7
853,19,2025-02-24,PRESENT,8.97
854,20,2025-02-24,PRESENT,8.32
855,22,2025-02-24,PRESENT,9.29
856,23,2025-02-24,PRESENT,9.07
857,24,2025-02-24,ABSENT,0.0
858,25,2025-02-24,PRESENT,8.34
859,1,2025-02-25,PRESENT,9.14
860,2,2025-02-25,PRESENT,8.7
861,3,2025-02-25,PRESENT,8.22
862,4,2025-02-25,ABSENT,0.0
863,5,2025-02-25,PRESENT,7.14
864,6,2025-02-25,PRESENT,8.04
865,8,2025-02-25,PRESENT,8.4
866,9,2025-02-25,PRESENT,7.77
867,10,2025-02-25,PRESENT,7.64
868,11,2025-02-25,PRESENT,7.54
869,12,2025-02-25,PRESENT,8.06
870,13,2025-02-25,PRESENT,8.35
871,15,2025-02-25,PRESENT,9.24
872,16,2025-02-25,HALF_DAY,3.94
873,17,2025-02-25,PRESENT,7.45
874,18,2025-02-25,PRESENT,8.6
875,19,2025-02-25,PRESENT,9.41
876,20,2025-02-25,PRESENT,9.23
877,22,2025-02-25,PRESENT,9.29
878,23,2025-02-25,PRESENT,7.2
879,24,2025-02-25,HALF_DAY,4.75
880,25,2025-02-25,PRESENT,9.15
881,1,2025-02-26,PRESENT,9.48
882,2,2025-02-26,PRESENT,7.32
883,3,2025-02-26,HALF_DAY,4.67
884,4,2025-02-26,PRESENT,9.45
885,5,2025-02-26,PRESENT,8.8
886,6,2025-02-26,PRESENT,7.95
887,8,2025-02-26,PRESENT,8.15
888,9,2025-02-26,PRESENT,7.47
889,10,2025-02-26,ABSENT,0.0
890,11,2025-02-26,PRESENT,7.08
891,12,2025-02-26,PRESENT,8.54
892,13,2025-02-26,HALF_DAY,4.78
893,15,2025-02-26,PRESENT,7.17
894,16,2025-02-26,PRESENT,8.12
895,17,2025-02-26,PRESENT,9.18
896,18,2025-02-26,PRESENT,7.11
897,19,2025-02-26,PRESENT,8.35
898,20,2025-02-26,PRESENT,8.94
899,22,2025-02-26,PRESENT,9.48
900,23,2025-02-26,PRESENT,9.29
901,24,2025-02-26,PRESENT,8.44
902,25,2025-02-26,PRESENT,9.05
903,1,2025-02-27,PRESENT,9.19
904,2,2025-02-27,HALF_DAY,4.04
905,3,2025-02-27,PRESENT,7.69
906,4,2025-02-27,PRESENT,8.48
907,5,2025-02-27,PRESENT,7.44
908,6,2025-02-27,PRESENT,8.39
909,8,2025-02-27,PRESENT,7.86
910,9,2025-02-27,PRESENT,7.95
911,10,2025-02-27,PRESENT,8.74
912,11,2025-02-27,PRESENT,7.75
913,12,2025-02-27,PRESENT,8.34
914,13,2025-02-27,PRESENT,7.56
915,15,2025-02-27,ABSENT,0.0
916,16,2025-02-27,PRESENT,8.16
917,17,2025-02-27,PRESENT,8.03
918,18,2025-02-27,PRESENT,8.32
919,19,2025-02-27,PRESENT,7.64
920,20,2025-02-27,PRESENT,7.2
921,22,2025-02-27,PRESENT,7.93
922,23,2025-02-27,PRESENT,9.07
923,24,2025-02-27,PRESENT,7.94
924,25,2025-02-27,PRESENT,7.1
925,1,2025-02-28,PRESENT,9.01
926,2,2025-02-28,PRESENT,8.68
927,3,2025-02-28,PRESENT,7.52
928,4,2025-02-28,ABSENT,0.0
929,5,2025-02-28,PRESENT,9.27
930,6,2025-02-28,PRESENT,7.48
931,8,2025-02-28,PRESENT,8.87
932,9,2025-02-28,PRESENT,9.29
933,10,2025-02-28,PRESENT,8.76
934,11,2025-02-28,PRESENT,7.6
935,12,2025-02-28,PRESENT,7.71
936,13,2025-02-28,PRESENT,8.62
937,15,2025-02-28,PRESENT,7.9
938,16,2025-02-28,ABSENT,0.0
939,17,2025-02-28,PRESENT,9.01
940,18,2025-02-28,PRESENT,8.9
941,19,2025-02-28,PRESENT,7.51
942,20,2025-02-28,PRESENT,7.11
943,22,2025-02-28,ABSENT,0.0
944,23,2025-02-28,PRESENT,7.04
945,24,2025-02-28,PRESENT,8.46
946,25,2025-02-28,PRESENT,7.74
947,1,2025-03-03,PRESENT,7.58
948,2,2025-03-03,PRESENT,7.61
949,3,2025-03-03,PRESENT,9.36
950,4,2025-03-03,PRESENT,8.91
951,5,2025-03-03,PRESENT,8.81
952,6,2025-03-03,PRESENT,8.15
953,8,2025-03-03,PRESENT,7.88
954,9,2025-03-03,PRESENT,8.37
955,10,2025-03-03,PRESENT,9.22
956,11,2025-03-03,HALF_DAY,4.91
957,12,2025-03-03,PRESENT,9.1
958,13,2025-03-03,PRESENT,9.04
959,15,2025-03-03,PRESENT,7.02
960,16,2025-03-03,PRESENT,8.58
961,17,2025-03-03,PRESENT,7.38
962,18,2025-03-03,PRESENT,8.14
963,19,2025-03-03,PRESENT,8.59
964,20,2025-03-03,HALF_DAY,4.83
965,22,2025-03-03,PRESENT,7.04
966,23,2025-03-03,PRESENT,8.03
967,24,2025-03-03,PRESENT,8.81
968,25,2025-03-03,PRESENT,7.72
969,1,2025-03-04,PRESENT,8.74
970,2,2025-03-04,PRESENT,9.35
971,3,2025-03-04,PRESENT,9.3
972,4,2025-03-04,PRESENT,7.6
973,5,2025-03-04,PRESENT,7.63
974,6,2025-03-04,PRESENT,8.99
975,8,2025-03-04,PRESENT,9.4
976,9,2025-03-04,PRESENT,7.61
977,10,2025-03-04,PRESENT,7.75
978,11,2025-03-04,ABSENT,0.0
979,12,2025-03-04,PRESENT,9.48
980,13,2025-03-04,PRESENT,7.08
981,15,2025-03-04,PRESENT,7.94
982,16,2025-03-04,PRESENT,8.59
983,17,2025-03-04,PRESENT,7.21
984,18,2025-03-04,ABSENT,0.0
985,19,2025-03-04,PRESENT,7.83
986,20,2025-03-04,HALF_DAY,4.95
987,22,2025-03-04,ABSENT,0.0
988,23,2025-03-04,ABSENT,0.0
989,24,2025-03-04,PRESENT,9.25
990,25,2025-03-04,PRESENT,8.42
991,1,2025-03-05,PRESENT,9.31
992,2,2025-03-05,PRESENT,7.7
993,3,2025-03-05,PRESENT,8.65
994,4,2025-03-05,PRESENT,9.13
995,5,2025-03-05,PRESENT,7.52
996,6,2025-03-05,PRESENT,9.05
997,8,2025-03-05,ABSENT,0.0
998,9,2025-03-05,HALF_DAY,3.6
999,10,2025-03-05,PRESENT,8.42
1000,11,2025-03-05,ABSENT,0.0
1001,12,2025-03-05,PRESENT,8.35
1002,13,2025-03-05,PRESENT,8.85
1003,15,2025-03-05,PRESENT,8.72
1004,16,2025-03-05,PRESENT,8.86
1005,17,2025-03-05,PRESENT,7.24
1006,18,2025-03-05,PRESENT,7.19
1007,19,2025-03-05,PRESENT,8.53
1008,20,2025-03-05,PRESENT,9.42
1009,22,2025-03-05,PRESENT,8.59
1010,23,2025-03-05,PRESENT,8.13
1011,24,2025-03-05,PRESENT,8.38
1012,25,2025-03-05,PRESENT,7.46
1013,1,2025-03-06,PRESENT,7.95
1014,2,2025-03-06,PRESENT,7.74
1015,3,2025-03-06,PRESENT,7.18
1016,4,2025-03-06,PRESENT,7.95
1017,5,2025-03-06,PRESENT,7.39
1018,6,2025-03-06,PRESENT,7.9
1019,8,2025-03-06,PRESENT,9.36
1020,9,2025-03-06,PRESENT,8.9
1021,10,2025-03-06,PRESENT,7.22
1022,11,2025-03-06,PRESENT,8.39
1023,12,2025-03-06,PRESENT,7.26
1024,13,2025-03-06,PRESENT,8.39
1025,15,2025-03-06,PRESENT,8.96
1026,16,2025-03-06,ABSENT,0.0
1027,17,2025-03-06,PRESENT,8.03
1028,18,2025-03-06,PRESENT,8.81
1029,19,2025-03-06,PRESENT,9.48
1030,20,2025-03-06,PRESENT,8.3
1031,22,2025-03-06,PRESENT,7.42
1032,23,2025-03-06,PRESENT,7.67
1033,24,2025-03-06,PRESENT,7.42
1034,25,2025-03-06,PRESENT,7.75
1035,1,2025-03-07,PRESENT,7.9
1036,2,2025-03-07,HALF_DAY,4.44
1037,3,2025-03-07,PRESENT,8.54
1038,4,2025-03-07,PRESENT,7.34
1039,5,2025-03-07,PRESENT,7.99
1040,6,2025-03-07,ABSENT,0.0
1041,8,2025-03-07,PRESENT,9.16
1042,9,2025-03-07,PRESENT,8.08
1043,10,2025-03-07,ABSENT,0.0
1044,11,2025-03-07,PRESENT,8.49
1045,12,2025-03-07,PRESENT,8.51
1046,13,2025-03-07,PRESENT,8.2
1047,15,2025-03-07,PRESENT,8.0
1048,16,2025-03-07,PRESENT,8.84
1049,17,2025-03-07,PRESENT,9.42
1050,18,2025-03-07,PRESENT,7.81
1051,19,2025-03-07,PRESENT,8.96
1052,20,2025-03-07,PRESENT,9.33
1053,22,2025-03-07,PRESENT,9.49
1054,23,2025-03-07,PRESENT,8.92
1055,24,2025-03-07,PRESENT,8.82
1056,25,2025-03-07,HALF_DAY,3.42
1057,1,2025-03-10,PRESENT,9.08
1058,2,2025-03-10,PRESENT,9.12
1059,3,2025-03-10,PRESENT,8.68
1060,4,2025-03-10,PRESENT,7.76
1061,5,2025-03-10,PRESENT,7.39
1062,6,2025-03-10,PRESENT,7.94
1063,8,2025-03-10,PRESENT,8.49
1064,9,2025-03-10,PRESENT,8.34
1065,10,2025-03-10,HALF_DAY,4.74
1066,11,2025-03-10,PRESENT,7.09
1067,12,2025-03-10,HALF_DAY,4.4
1068,13,2025-03-10,ABSENT,0.0
1069,15,2025-03-10,PRESENT,9.29
1070,16,2025-03-10,PRESENT,7.62
1071,17,2025-03-10,PRESENT,7.42
1072,18,2025-03-10,PRESENT,8.41
1073,19,2025-03-10,PRESENT,8.62
1074,20,2025-03-10,HALF_DAY,3.66
1075,22,2025-03-10,PRESENT,7.26
1076,23,2025-03-10,PRESENT,7.56
1077,24,2025-03-10,PRESENT,8.39
1078,25,2025-03-10,PRESENT,7.55
1079,1,2025-03-11,PRESENT,8.16
1080,2,2025-03-11,PRESENT,8.73
1081,3,2025-03-11,PRESENT,9.49
1082,4,2025-03-11,PRESENT,7.74
1083,5,2025-03-11,HALF_DAY,3.17
1084,6,2025-03-11,ABSENT,0.0
1085,8,2025-03-11,PRESENT,7.87
1086,9,2025-03-11,PRESENT,8.96
1087,10,2025-03-11,PRESENT,7.87
1088,11,2025-03-11,PRESENT,8.8
1089,12,2025-03-11,PRESENT,7.17
1090,13,2025-03-11,PRESENT,8.78
1091,15,2025-03-11,PRESENT,7.86
1092,16,2025-03-11,PRESENT,9.0
1093,17,2025-03-11,HALF_DAY,4.48
1094,18,2025-03-11,PRESENT,8.38
1095,19,2025-03-11,PRESENT,8.07
1096,20,2025-03-11,PRESENT,8.99
1097,22,2025-03-11,PRESENT,7.47
1098,23,2025-03-11,PRESENT,7.99
1099,24,2025-03-11,PRESENT,9.21
1100,25,2025-03-11,PRESENT,8.07
1101,1,2025-03-12,PRESENT,7.54
1102,2,2025-03-12,PRESENT,8.76
1103,3,2025-03-12,PRESENT,8.44
1104,4,2025-03-12,PRESENT,8.34
1105,5,2025-03-12,PRESENT,7.49
1106,6,2025-03-12,PRESENT,8.68
1107,8,2025-03-12,PRESENT,9.41
1108,9,2025-03-12,PRESENT,7.97
1109,10,2025-03-12,PRESENT,7.29
1110,11,2025-03-12,PRESENT,8.14
1111,12,2025-03-12,PRESENT,8.68
1112,13,2025-03-12,ABSENT,0.0
1113,15,2025-03-12,ABSENT,0.0
1114,16,2025-03-12,PRESENT,8.68
1115,17,2025-03-12,PRESENT,7.6
1116,18,2025-03-12,PRESENT,7.93
1117,19,2025-03-12,PRESENT,7.97
1118,20,2025-03-12,PRESENT,8.44
1119,22,2025-03-12,PRESENT,8.22
1120,23,2025-03-12,PRESENT,9.3
1121,24,2025-03-12,HALF_DAY,3.35
1122,25,2025-03-12,PRESENT,7.72
1123,1,2025-03-13,PRESENT,9.1
1124,2,2025-03-13,PRESENT,9.16
1125,3,2025-03-13,HALF_DAY,3.97
1126,4,2025-03-13,PRESENT,7.96
1127,5,2025-03-13,PRESENT,8.63
1128,6,2025-03-13,PRESENT,8.23
1129,8,2025-03-13,PRESENT,8.11
1130,9,2025-03-13,PRESENT,8.41
1131,10,2025-03-13,PRESENT,7.55
1132,11,2025-03-13,PRESENT,7.56
1133,12,2025-03-13,PRESENT,8.95
1134,13,2025-03-13,PRESENT,8.93
1135,15,2025-03-13,PRESENT,8.28
1136,16,2025-03-13,PRESENT,7.67
1137,17,2025-03-13,PRESENT,9.48
1138,18,2025-03-13,PRESENT,8.89
1139,19,2025-03-13,PRESENT,8.1
1140,20,2025-03-13,PRESENT,8.06
1141,22,2025-03-13,PRESENT,8.63
1142,23,2025-03-13,PRESENT,9.19
1143,24,2025-03-13,PRESENT,7.66
1144,25,2025-03-13,ABSENT,0.0
1145,1,2025-03-14,PRESENT,9.16
1146,2,2025-03-14,PRESENT,9.03
1147,3,2025-03-14,PRESENT,8.84
1148,4,2025-03-14,PRESENT,9.15
1149,5,2025-03-14,PRESENT,8.07
1150,6,2025-03-14,PRESENT,8.96
1151,8,2025-03-14,ABSENT,0.0
1152,9,2025-03-14,ABSENT,0.0
1153,10,2025-03-14,PRESENT,8.33
1154,11,2025-03-14,PRESENT,7.42
1155,12,2025-03-14,HALF_DAY,3.59
1156,13,2025-03-14,PRESENT,9.38
1157,15,2025-03-14,PRESENT,9.25
1158,16,2025-03-14,ABSENT,0.0
1159,17,2025-03-14,PRESENT,8.88
1160,18,2025-03-14,PRESENT,7.15
1161,19,2025-03-14,PRESENT,8.64
1162,20,2025-03-14,PRESENT,7.33
1163,22,2025-03-14,PRESENT,7.81
1164,23,2025-03-14,PRESENT,9.11
1165,24,2025-03-14,PRESENT,7.36
1166,25,2025-03-14,PRESENT,8.57
1167,1,2025-03-17,PRESENT,7.19
1168,2,2025-03-17,PRESENT,8.92
1169,3,2025-03-17,PRESENT,8.87
1170,4,2025-03-17,PRESENT,9.19
1171,5,2025-03-17,PRESENT,8.22
1172,6,2025-03-17,PRESENT,9.17
1173,8,2025-03-17,ABSENT,0.0
1174,9,2025-03-17,PRESENT,9.43
1175,10,2025-03-17,PRESENT,8.74
1176,11,2025-03-17,ABSENT,0.0
1177,12,2025-03-17,PRESENT,7.99
1178,13,2025-03-17,HALF_DAY,4.65
1179,15,2025-03-17,PRESENT,7.81
1180,16,2025-03-17,PRESENT,8.37
1181,17,2025-03-17,PRESENT,9.13
1182,18,2025-03-17,PRESENT,9.24
1183,19,2025-03-17,PRESENT,7.11
1184,20,2025-03-17,PRESENT,9.09
1185,22,2025-03-17,PRESENT,9.32
1186,23,2025-03-17,PRESENT,8.14
1187,24,2025-03-17,HALF_DAY,3.86
1188,25,2025-03-17,HALF_DAY,4.82
1189,1,2025-03-18,ABSENT,0.0
1190,2,2025-03-18,PRESENT,9.19
1191,3,2025-03-18,ABSENT,0.0
1192,4,2025-03-18,PRESENT,7.9
1193,5,2025-03-18,PRESENT,8.66
1194,6,2025-03-18,PRESENT,7.13
1195,8,2025-03-18,PRESENT,8.81
1196,9,2025-03-18,PRESENT,8.07
1197,10,2025-03-18,PRESENT,7.24
1198,11,2025-03-18,PRESENT,7.19
1199,12,2025-03-18,PRESENT,8.3
1200,13,2025-03-18,PRESENT,7.02
1201,15,2025-03-18,PRESENT,7.3
1202,16,2025-03-18,ABSENT,0.0
1203,17,2025-03-18,PRESENT,8.19
1204,18,2025-03-18,PRESENT,7.22
1205,19,2025-03-18,ABSENT,0.0
1206,20,2025-03-18,PRESENT,7.92
1207,22,2025-03-18,PRESENT,7.96
1208,23,2025-03-18,ABSENT,0.0
1209,24,2025-03-18,ABSENT,0.0
1210,25,2025-03-18,PRESENT,8.69
1211,1,2025-03-19,PRESENT,8.41
1212,2,2025-03-19,PRESENT,7.41
1213,3,2025-03-19,PRESENT,7.53
1214,4,2025-03-19,PRESENT,9.3
1215,5,2025-03-19,PRESENT,8.11
1216,6,2025-03-19,PRESENT,9.24
1217,8,2025-03-19,PRESENT,7.31
1218,9,2025-03-19,PRESENT,7.88
1219,10,2025-03-19,PRESENT,8.98
1220,11,2025-03-19,PRESENT,8.61
1221,12,2025-03-19,PRESENT,8.5
1222,13,2025-03-19,PRESENT,7.71
1223,15,2025-03-19,HALF_DAY,3.05
1224,16,2025-03-19,ABSENT,0.0
1225,17,2025-03-19,ABSENT,0.0
1226,18,2025-03-19,PRESENT,8.52
1227,19,2025-03-19,PRESENT,7.98
1228,20,2025-03-19,PRESENT,8.96
1229,22,2025-03-19,PRESENT,7.6
1230,23,2025-03-19,PRESENT,7.6
1231,24,2025-03-19,PRESENT,7.18
1232,25,2025-03-19,ABSENT,0.0
1233,1,2025-03-20,PRESENT,7.9
1234,2,2025-03-20,PRESENT,7.97
1235,3,2025-03-20,ABSENT,0.0
1236,4,2025-03-20,PRESENT,8.37
1237,5,2025-03-20,PRESENT,8.18
1238,6,2025-03-20,HALF_DAY,3.15
1239,8,2025-03-20,PRESENT,7.03
1240,9,2025-03-20,PRESENT,9.31
1241,10,2025-03-20,HALF_DAY,3.8
1242,11,2025-03-20,PRESENT,8.78
1243,12,2025-03-20,PRESENT,8.06
1244,13,2025-03-20,PRESENT,8.6
1245,15,2025-03-20,PRESENT,7.38
1246,16,2025-03-20,PRESENT,7.2
1247,17,2025-03-20,HALF_DAY,4.95
1248,18,2025-03-20,PRESENT,7.82
1249,19,2025-03-20,PRESENT,8.91
1250,20,2025-03-20,PRESENT,8.61
1251,22,2025-03-20,PRESENT,8.09
1252,23,2025-03-20,HALF_DAY,3.48
1253,24,2025-03-20,PRESENT,9.31
1254,25,2025-03-20,PRESENT,8.53
1255,1,2025-03-21,PRESENT,8.67
1256,2,2025-03-21,PRESENT,7.44
1257,3,2025-03-21,PRESENT,7.34
1258,4,2025-03-21,PRESENT,8.24
1259,5,2025-03-21,PRESENT,8.29
1260,6,2025-03-21,ABSENT,0.0
1261,8,2025-03-21,PRESENT,7.93
1262,9,2025-03-21,PRESENT,9.18
1263,10,2025-03-21,PRESENT,7.3
1264,11,2025-03-21,ABSENT,0.0
1265,12,2025-03-21,PRESENT,8.07
1266,13,2025-03-21,PRESENT,7.66
1267,15,2025-03-21,HALF_DAY,4.26
1268,16,2025-03-21,PRESENT,8.28
1269,17,2025-03-21,PRESENT,9.15
1270,18,2025-03-21,PRESENT,7.39
1271,19,2025-03-21,PRESENT,9.24
1272,20,2025-03-21,PRESENT,7.29
1273,22,2025-03-21,PRESENT,7.01
1274,23,2025-03-21,ABSENT,0.0
1275,24,2025-03-21,PRESENT,7.11
1276,25,2025-03-21,PRESENT,9.3
1277,1,2025-03-24,PRESENT,9.4
1278,2,2025-03-24,PRESENT,9.01
1279,3,2025-03-24,PRESENT,8.64
1280,4,2025-03-24,PRESENT,7.62
1281,5,2025-03-24,ABSENT,0.0
1282,6,2025-03-24,PRESENT,9.06
1283,8,2025-03-24,PRESENT,7.3
1284,9,2025-03-24,PRESENT,7.13
1285,10,2025-03-24,PRESENT,8.29
1286,11,2025-03-24,PRESENT,8.0
1287,12,2025-03-24,ABSENT,0.0
1288,13,2025-03-24,ABSENT,0.0
1289,15,2025-03-24,PRESENT,7.78
1290,16,2025-03-24,PRESENT,8.14
1291,17,2025-03-24,PRESENT,7.73
1292,18,2025-03-24,PRESENT,8.85
1293,19,2025-03-24,PRESENT,7.92
1294,20,2025-03-24,HALF_DAY,5.0
1295,22,2025-03-24,PRESENT,8.83
1296,23,2025-03-24,PRESENT,8.99
1297,24,2025-03-24,PRESENT,9.33
1298,25,2025-03-24,PRESENT,8.35
1299,1,2025-03-25,PRESENT,8.73
1300,2,2025-03-25,PRESENT,7.84
1301,3,2025-03-25,PRESENT,7.94
1302,4,2025-03-25,PRESENT,7.77
1303,5,2025-03-25,PRESENT,9.46
1304,6,2025-03-25,PRESENT,9.4
1305,8,2025-03-25,HALF_DAY,3.28
1306,9,2025-03-25,PRESENT,7.11
1307,10,2025-03-25,PRESENT,9.11
1308,11,2025-03-25,PRESENT,9.24
1309,12,2025-03-25,PRESENT,8.87
1310,13,2025-03-25,PRESENT,8.26
1311,15,2025-03-25,PRESENT,7.99
1312,16,2025-03-25,PRESENT,7.16
1313,17,2025-03-25,PRESENT,7.33
1314,18,2025-03-25,PRESENT,9.13
1315,19,2025-03-25,HALF_DAY,3.79
1316,20,2025-03-25,ABSENT,0.0
1317,22,2025-03-25,PRESENT,8.13
1318,23,2025-03-25,PRESENT,9.36
1319,24,2025-03-25,PRESENT,8.93
1320,25,2025-03-25,PRESENT,7.26
1321,1,2025-03-26,PRESENT,7.79
1322,2,2025-03-26,PRESENT,7.9
1323,3,2025-03-26,PRESENT,8.13
1324,4,2025-03-26,PRESENT,9.13
1325,5,2025-03-26,PRESENT,9.02
1326,6,2025-03-26,PRESENT,8.76
1327,8,2025-03-26,PRESENT,7.54
1328,9,2025-03-26,ABSENT,0.0
1329,10,2025-03-26,PRESENT,8.78
1330,11,2025-03-26,HALF_DAY,3.79
1331,12,2025-03-26,PRESENT,7.75
1332,13,2025-03-26,ABSENT,0.0
1333,15,2025-03-26,PRESENT,9.38
1334,16,2025-03-26,ABSENT,0.0
1335,17,2025-03-26,PRESENT,8.38
1336,18,2025-03-26,PRESENT,7.25
1337,19,2025-03-26,PRESENT,7.3
1338,20,2025-03-26,PRESENT,8.95
1339,22,2025-03-26,PRESENT,7.5
1340,23,2025-03-26,PRESENT,8.72
1341,24,2025-03-26,HALF_DAY,3.17
1342,25,2025-03-26,PRESENT,9.29
1343,1,2025-03-27,PRESENT,9.49
1344,2,2025-03-27,PRESENT,8.61
1345,3,2025-03-27,ABSENT,0.0
1346,4,2025-03-27,PRESENT,9.12
1347,5,2025-03-27,ABSENT,0.0
1348,6,2025-03-27,PRESENT,9.36
1349,8,2025-03-27,PRESENT,9.31
1350,9,2025-03-27,PRESENT,8.81
1351,10,2025-03-27,PRESENT,7.96
1352,11,2025-03-27,PRESENT,7.88
1353,12,2025-03-27,ABSENT,0.0
1354,13,2025-03-27,PRESENT,8.12
1355,15,2025-03-27,PRESENT,8.54
1356,16,2025-03-27,PRESENT,8.62
1357,17,2025-03-27,PRESENT,9.21
1358,18,2025-03-27,PRESENT,7.22
1359,19,2025-03-27,PRESENT,8.05
1360,20,2025-03-27,PRESENT,8.99
1361,22,2025-03-27,PRESENT,9.49
1362,23,2025-03-27,PRESENT,7.05
1363,24,2025-03-27,PRESENT,8.78
1364,25,2025-03-27,PRESENT,8.95
1365,1,2025-03-28,PRESENT,8.41
1366,2,2025-03-28,PRESENT,7.68
1367,3,2025-03-28,PRESENT,8.49
1368,4,2025-03-28,PRESENT,9.03
1369,5,2025-03-28,PRESENT,9.02
1370,6,2025-03-28,PRESENT,7.89
1371,8,2025-03-28,PRESENT,7.58
1372,9,2025-03-28,PRESENT,7.62
1373,10,2025-03-28,PRESENT,8.33
1374,11,2025-03-28,PRESENT,8.84
1375,12,2025-03-28,PRESENT,9.37
1376,13,2025-03-28,PRESENT,9.46
1377,15,2025-03-28,PRESENT,9.34
1378,16,2025-03-28,HALF_DAY,3.35
1379,17,2025-03-28,PRESENT,7.8
1380,18,2025-03-28,PRESENT,7.9
1381,19,2025-03-28,PRESENT,8.76
1382,20,2025-03-28,PRESENT,8.42
1383,22,2025-03-28,PRESENT,9.37
1384,23,2025-03-28,ABSENT,0.0
1385,24,2025-03-28,ABSENT,0.0
1386,25,2025-03-28,HALF_DAY,4.08
1387,1,2025-03-31,PRESENT,7.09
1388,2,2025-03-31,PRESENT,8.5
1389,3,2025-03-31,PRESENT,8.19
1390,4,2025-03-31,PRESENT,8.54
1391,5,2025-03-31,ABSENT,0.0
1392,6,2025-03-31,PRESENT,7.44
1393,8,2025-03-31,ABSENT,0.0
1394,9,2025-03-31,ABSENT,0.0
1395,10,2025-03-31,PRESENT,7.37
1396,11,2025-03-31,PRESENT,7.35
1397,12,2025-03-31,PRESENT,8.32
1398,13,2025-03-31,PRESENT,7.18
1399,15,2025-03-31,PRESENT,8.66
1400,16,2025-03-31,PRESENT,7.84
1401,17,2025-03-31,PRESENT,9.44
1402,18,2025-03-31,PRESENT,8.09
1403,19,2025-03-31,PRESENT,8.22
1404,20,2025-03-31,PRESENT,8.77
1405,22,2025-03-31,PRESENT,9.22
1406,23,2025-03-31,PRESENT,7.89
1407,24,2025-03-31,PRESENT,9.04
1408,25,2025-03-31,PRESENT,8.83
